"2026-04-28","","2026-04-29","","TEST:10:火曜繰返し/終日/修正なし","毎週2026年4月28日(火)-6月2日(火)
除外日なし。
","FREE","(N/A)"
"2026-05-05","","2026-05-06","","TEST:10:火曜繰返し/終日/修正なし","毎週2026年4月28日(火)-6月2日(火)
除外日なし。
","FREE","(N/A)"
"2026-05-12","","2026-05-13","","TEST:10:火曜繰返し/終日/修正なし","毎週2026年4月28日(火)-6月2日(火)
除外日なし。
","FREE","(N/A)"
"2026-05-19","","2026-05-20","","TEST:10:火曜繰返し/終日/修正なし","毎週2026年4月28日(火)-6月2日(火)
除外日なし。
","FREE","(N/A)"
"2026-05-26","","2026-05-27","","TEST:10:火曜繰返し/終日/修正なし","毎週2026年4月28日(火)-6月2日(火)
除外日なし。
","FREE","(N/A)"
"2026-06-02","","2026-06-03","","TEST:10:火曜繰返し/終日/修正なし","毎週2026年4月28日(火)-6月2日(火)
除外日なし。
","FREE","(N/A)"
