"2026-07-07","","2026-07-08","","TEST:91:7月の火曜繰り返し一部日時修正","2026年7月7日(火)から2026年7月28日(火)。
終日スケジュール(時刻なし)
21日(火)を22日(水)へ修正
","FREE","(N/A)"
"2026-07-07","12:00:00","2026-07-07","13:00:00","TEST:92:7月の火曜繰り返し一部時刻修正","2026年7月7日(火)から2026年7月28日(火)。
12:00-13:00
21日(火)を13:00-14:00へ修正
","BUSY","(N/A)"
"2026-07-14","","2026-07-15","","TEST:91:7月の火曜繰り返し一部日時修正","2026年7月7日(火)から2026年7月28日(火)。
終日スケジュール(時刻なし)
21日(火)を22日(水)へ修正
","FREE","(N/A)"
"2026-07-14","12:00:00","2026-07-14","13:00:00","TEST:92:7月の火曜繰り返し一部時刻修正","2026年7月7日(火)から2026年7月28日(火)。
12:00-13:00
21日(火)を13:00-14:00へ修正
","BUSY","(N/A)"
"2026-07-21","13:00:00","2026-07-21","14:00:00","TEST:92:7月の火曜繰り返し一部時刻修正","2026年7月7日(火)から2026年7月28日(火)。
12:00-13:00
21日(火)を13:00-14:00へ修正
","BUSY","(N/A)"
"2026-07-22","","2026-07-23","","TEST:91:7月の火曜繰り返し一部日時修正","2026年7月7日(火)から2026年7月28日(火)。
終日スケジュール(時刻なし)
21日(火)を22日(水)へ修正
","FREE","(N/A)"
"2026-07-28","","2026-07-29","","TEST:91:7月の火曜繰り返し一部日時修正","2026年7月7日(火)から2026年7月28日(火)。
終日スケジュール(時刻なし)
21日(火)を22日(水)へ修正
","FREE","(N/A)"
"2026-07-28","12:00:00","2026-07-28","13:00:00","TEST:92:7月の火曜繰り返し一部時刻修正","2026年7月7日(火)から2026年7月28日(火)。
12:00-13:00
21日(火)を13:00-14:00へ修正
","BUSY","(N/A)"
